full_name,email
Ana Kovačević,ana.kovacevic@example.com
Ana Horvat,ana.horvat@example.com
Nikola Batanović,nikola.batinovic@example.com
Juraj Činković,juraj.cinkovic@example.com
Ivana Grgić,ivana.grgic@example.com
Đuro Kovač,duro.kovac@example.com
Mateo Bošnjak,mateo.bosnjak@example.com
Katarina Jurić,katarina.juric@example.com
Stjepan Filipović,stjepan.filipovic@example.com
Maja Vidović,maja.vidovic@example.com
Mia Horvat,mia.horvat@example.com
Nika Barišić,nika.barisic@example.com
Petra Marković,petra.markovic@example.com
Luka Jurić,luka.juric@example.com
Ana Marković,ana.markovic@example.com
Borna Tomić,borna.tomic@example.com
Marija Rukavina,marija.rukavina@example.com
Ivana Čačić,ivana.cacic@example.com
Filip Ćosić,filip.cosic@example.com
Josip Šimić,josip.simic@example.com
Ema Novak,ema.novak@example.com
Hrvoje Kovačić,hrvoje.kovacic@example.com
Antonio Šimunović,antonio.simunovic@example.com
Filip Marković,filip.markovic@example.com
Mateo Filipović,mateo.filipovic@example.com
Borna Žagar,borna.zagar@example.com
Borna Popović,borna.popovic@example.com
Zvonimir Galić,zvonimir.galic@example.com
Iva Knežević,iva.knezevic@example.com
Ivana Matić,ivana.matic@example.com
Filip Mikulić,filip.mikulic@example.com
Mia Rukavina,mia.rukavina@example.com
Zvonimir Grgić,zvonimir.grgic@example.com
Paula Čačić,paula.cacic@example.com
Ivana Kovačević,ivana.kovacevic@example.com
Ema Čačić,ema.cacic@example.com
Mateo Perković,mateo.perkovic@example.com
Tena Filipović,tena.filipovic@example.com
Tomislav Babić,tomislav.babic@example.com
Hrvoje Živković,hrvoje.zivkovic@example.com
Ivan Matić,ivan.matic@example.com
Lea Bošnjak,lea.bosnjak@example.com
Mateo Babić,mateo.babic@example.com
Lea Pavlović,lea.pavlovic@example.com
Lana Kovačević,lana.kovacevic@example.com
Lea Popović,lea.popovic@example.com
Luka Marković,luka.markovic@example.com
Anđela Jurić,andela.juric@example.com
Josip Marić,josip.maric@example.com
Dario Grgić,dario.grgic@example.com
Anđela Pavić,andela.pavic@example.com
Ivana Radić,ivana.radic@example.com
Mia Đurić,mia.duric@example.com
Filip Galić,filip.galic@example.com
Josip Vuković,josip.vukovic@example.com
Klara Jurić,klara.juric@example.com
Antonio Kovačević,antonio.kovacevic@example.com
Mia Perković,mia.perkovic@example.com
Katarina Ćosić,katarina.cosic@example.com
Tomislav Filipović,tomislav.filipovic@example.com
Lucija Matić,lucija.matic@example.com
Lea Jurić,lea.juric@example.com
Sara Pavić,sara.pavic@example.com
Klara Šimić,klara.simic@example.com
Ana Marić,ana.maric@example.com
Iva Tomić,iva.tomic@example.com
Nikola Grgić,nikola.grgic@example.com
Borna Živković,borna.zivkovic@example.com
Anđela Vidović,andela.vidovic@example.com
Željko Šimunović,zeljko.simunovic@example.com
Lucija Marković,lucija.markovic@example.com
Matej Tomić,matej.tomic@example.com
Lana Tomić,lana.tomic@example.com
Mia Ćosić,mia.cosic@example.com
Borna Šimunović,borna.simunovic@example.com
Ema Kovač,ema.kovac@example.com
Ivana Jukić,ivana.jukic@example.com
Nika Ćosić,nika.cosic@example.com
Karlo Vuković,karlo.vukovic@example.com
Stjepan Pavić,stjepan.pavic@example.com
Klara Rukavina,klara.rukavina@example.com
Sara Jurić,sara.juric@example.com
Ema Galić,ema.galic@example.com
Zvonimir Čačić,zvonimir.cacic@example.com
Lana Vuković,lana.vukovic@example.com
Dora Perković,dora.perkovic@example.com
Sara Galić,sara.galic@example.com
Ivan Grgić,ivan.grgic@example.com
Sara Jukić,sara.jukic@example.com
Josip Žagar,josip.zagar@example.com
Željko Kovačić,zeljko.kovacic@example.com
Ivan Lovrić,ivan.lovric@example.com
Dora Blažević,dora.blazevic@example.com
Maja Jukić,maja.jukic@example.com
Karlo Rukavina,karlo.rukavina@example.com
Domagoj Perković,domagoj.perkovic@example.com
Mirna Šimić,mirna.simic@example.com
Ivana Perić,ivana.peric@example.com
Ema Vuković,ema.vukovic@example.com
Domagoj Mikulić,domagoj.mikulic@example.com
Đuro Čačić,duro.cacic@example.com
Karlo Bošnjak,karlo.bosnjak@example.com
Katarina Vidović,katarina.vidovic@example.com
Maja Grgić,maja.grgic@example.com
Iva Šarić,iva.saric@example.com
Dario Blažević,dario.blazevic@example.com
Tomislav Horvat,tomislav.horvat@example.com
Mia Žagar,mia.zagar@example.com
Karlo Jurić,karlo.juric@example.com
Zvonimir Đurić,zvonimir.duric@example.com
Iva Živković,iva.zivkovic@example.com
Mateo Šimić,mateo.simic@example.com
Đuro Žagar,duro.zagar@example.com
Tena Jurić,tena.juric@example.com
Đuro Kovačević,duro.kovacevic@example.com
Tena Petrović,tena.petrovic@example.com
Maja Jurić,maja.juric@example.com
Josip Marković,josip.markovic@example.com
Zvonimir Knežević,zvonimir.knezevic@example.com
Karlo Božić,karlo.bozic@example.com
Marija Šarić,marija.saric@example.com
Dario Jukić,dario.jukic@example.com
Sara Ćosić,sara.cosic@example.com
Domagoj Lovrić,domagoj.lovric@example.com
Ivan Perić,ivan.peric@example.com
Petra Novak,petra.novak@example.com
Luka Živković,luka.zivkovic@example.com
Tomislav Kovač,tomislav.kovac@example.com
Lucija Bošnjak,lucija.bosnjak@example.com
Ivan Čačić,ivan.cacic@example.com
Hrvoje Filipović,hrvoje.filipovic@example.com
Mirna Novak,mirna.novak@example.com
Iva Novak,iva.novak@example.com
Stjepan Blažević,stjepan.blazevic@example.com
Sara Đurić,sara.duric@example.com
Dario Knežević,dario.knezevic@example.com
Marija Perković,marija.perkovic@example.com
Dario Šimunović,dario.simunovic@example.com
Lucija Grgić,lucija.grgic@example.com
Marija Bošnjak,marija.bosnjak@example.com
Mirna Perković,mirna.perkovic@example.com
Hrvoje Kovač,hrvoje.kovac@example.com
Nikola Šimić,nikola.simic@example.com
Filip Tomić,filip.tomic@example.com
Hrvoje Jukić,hrvoje.jukic@example.com
Marko Perković,marko.perkovic@example.com
Krešimir Jurić,kresimir.juric@example.com
Antonio Horvat,antonio.horvat@example.com
Ema Popović,ema.popovic@example.com
Tena Bošnjak,tena.bosnjak@example.com
Filip Šimić,filip.simic@example.com
Hrvoje Čačić,hrvoje.cacic@example.com
Karlo Šimić,karlo.simic@example.com
Matej Šarić,matej.saric@example.com
Ana Babić,ana.babic@example.com
Krešimir Filipović,kresimir.filipovic@example.com
Zvonimir Božić,zvonimir.bozic@example.com
Željko Perković,zeljko.perkovic@example.com
Antonio Jurić,antonio.juric@example.com
Lana Đurić,lana.duric@example.com
Filip Petrović,filip.petrovic@example.com
Mirna Tomić,mirna.tomic@example.com
Zvonimir Petrović,zvonimir.petrovic@example.com
Hrvoje Vidović,hrvoje.vidovic@example.com
Karlo Čačić,karlo.cacic@example.com
Krešimir Kovačić,kresimir.kovacic@example.com
Mirna Šimunović,mirna.simunovic@example.com
Josip Popović,josip.popovic@example.com
Lana Grgić,lana.grgic@example.com
Filip Radić,filip.radic@example.com
Lea Čačić,lea.cacic@example.com
Nika Pavlović,nika.pavlovic@example.com
Hrvoje Žagar,hrvoje.zagar@example.com
Klara Đurić,klara.duric@example.com
Luka Tomić,luka.tomic@example.com
Klara Marković,klara.markovic@example.com
Mirna Kovačić,mirna.kovacic@example.com
Klara Pavić,klara.pavic@example.com
Ana Novak,ana.novak@example.com
Nikola Novak,nikola.novak@example.com
Mia Petrović,mia.petrovic@example.com
Tomislav Novak,tomislav.novak@example.com
Ana Petrović,ana.petrovic@example.com
Marko Lovrić,marko.lovric@example.com
Antonio Blažević,antonio.blazevic@example.com
Iva Žagar,iva.zagar@example.com
Lana Žagar,lana.zagar@example.com
Ana Šarić,ana.saric@example.com
Tena Galić,tena.galic@example.com
Zvonimir Šarić,zvonimir.saric@example.com
Josip Perić,josip.peric@example.com
Matej Božić,matej.bozic@example.com
Borna Kovačić,borna.kovacic@example.com
Ivana Marić,ivana.maric@example.com
Klara Lovrić,klara.lovric@example.com
Lucija Lovrić,lucija.lovric@example.com
Matej Radić,matej.radic@example.com
Borna Pavić,borna.pavic@example.com
Domagoj Matić,domagoj.matic@example.com
Dario Čačić,dario.cacic@example.com
Klara Horvat,klara.horvat@example.com
Mirna Knežević,mirna.knezevic@example.com
Lana Perković,lana.perkovic@example.com
Lucija Vuković,lucija.vukovic@example.com
Luka Mikulić,luka.mikulic@example.com
Dora Živković,dora.zivkovic@example.com
Krešimir Matić,kresimir.matic@example.com
Marija Barišić,marija.barisic@example.com
Matej Blažević,matej.blazevic@example.com
Sara Kovačević,sara.kovacevic@example.com
Ivan Živković,ivan.zivkovic@example.com
Mateo Jukić,mateo.jukic@example.com
Klara Čačić,klara.cacic@example.com
Nika Novak,nika.novak@example.com
Mirna Jurić,mirna.juric@example.com
Zvonimir Ćosić,zvonimir.cosic@example.com
Borna Horvat,borna.horvat@example.com
Luka Knežević,luka.knezevic@example.com
Nika Šarić,nika.saric@example.com
Lana Petrović,lana.petrovic@example.com
Anđela Knežević,andela.knezevic@example.com
Mateo Kovačević,mateo.kovacevic@example.com
Tomislav Bošnjak,tomislav.bosnjak@example.com
Nika Lovrić,nika.lovric@example.com
Tomislav Pavić,tomislav.pavic@example.com
Nikola Vuković,nikola.vukovic@example.com
Anđela Novak,andela.novak@example.com
Matej Perković,matej.perkovic@example.com
Marija Mikulić,marija.mikulic@example.com
Mirna Vidović,mirna.vidovic@example.com
Mirna Filipović,mirna.filipovic@example.com
Karlo Marić,karlo.maric@example.com
Dora Kovačević,dora.kovacevic@example.com
Hrvoje Pavić,hrvoje.pavic@example.com
Ivana Vuković,ivana.vukovic@example.com
Dora Jurić,dora.juric@example.com
Antonio Filipović,antonio.filipovic@example.com
Tena Žagar,tena.zagar@example.com
Sara Lovrić,sara.lovric@example.com
Mateo Blažević,mateo.blazevic@example.com
Luka Grgić,luka.grgic@example.com
Tena Kovač,tena.kovac@example.com
Mirna Čačić,mirna.cacic@example.com
Lana Božić,lana.bozic@example.com
Dora Petrović,dora.petrovic@example.com
Filip Kovač,filip.kovac@example.com
Luka Pavlović,luka.pavlovic@example.com
Domagoj Horvat,domagoj.horvat@example.com
Stjepan Perković,stjepan.perkovic@example.com
Katarina Blažević,katarina.blazevic@example.com
Marko Grgić,marko.grgic@example.com
Krešimir Božić,kresimir.bozic@example.com
Željko Kovač,zeljko.kovac@example.com
Lana Lovrić,lana.lovric@example.com
Stjepan Vuković,stjepan.vukovic@example.com
Matej Rukavina,matej.rukavina@example.com
Petra Blažević,petra.blazevic@example.com
Maja Kovačević,maja.kovacevic@example.com
Lucija Mikulić,lucija.mikulic@example.com
Marko Vuković,marko.vukovic@example.com
Lea Perić,lea.peric@example.com
Anđela Šimunović,andela.simunovic@example.com
Đuro Petrović,duro.petrovic@example.com
Borna Radić,borna.radic@example.com
Josip Barišić,josip.barisic@example.com
Tena Vidović,tena.vidovic@example.com
Ivana Knežević,ivana.knezevic@example.com
Anđela Kovač,andela.kovac@example.com
Dario Mikulić,dario.mikulic@example.com
Josip Perković,josip.perkovic@example.com
Anđela Galić,andela.galic@example.com
Nika Šimić,nika.simic@example.com
Anđela Kovačević,andela.kovacevic@example.com
Iva Matić,iva.matic@example.com
Nika Bošnjak,nika.bosnjak@example.com
Josip Kovač,josip.kovac@example.com
Anđela Šimić,andela.simic@example.com
Josip Rukavina,josip.rukavina@example.com
Krešimir Šarić,kresimir.saric@example.com
Hrvoje Pavlović,hrvoje.pavlovic@example.com
Domagoj Petrović,domagoj.petrovic@example.com
Krešimir Tomić,kresimir.tomic@example.com
Petra Šimunović,petra.simunovic@example.com
Stjepan Perić,stjepan.peric@example.com
Paula Marić,paula.maric@example.com
Stjepan Tomić,stjepan.tomic@example.com
Stjepan Rukavina,stjepan.rukavina@example.com
Krešimir Šimić,kresimir.simic@example.com
Maja Perić,maja.peric@example.com
Katarina Lovrić,katarina.lovric@example.com
Anđela Rukavina,andela.rukavina@example.com
Mateo Čačić,mateo.cacic@example.com
Ivan Kovačević,ivan.kovacevic@example.com
Marija Živković,marija.zivkovic@example.com
Tena Đurić,tena.duric@example.com
Antonio Novak,antonio.novak@example.com
Hrvoje Popović,hrvoje.popovic@example.com
Iva Lovrić,iva.lovric@example.com
Đuro Galić,duro.galic@example.com
Đuro Božić,duro.bozic@example.com
Josip Pavlović,josip.pavlovic@example.com
Antonio Marković,antonio.markovic@example.com
Tomislav Barišić,tomislav.barisic@example.com
Katarina Filipović,katarina.filipovic@example.com
Ana Perić,ana.peric@example.com
Anđela Babić,andela.babic@example.com
Mirna Babić,mirna.babic@example.com
Ema Mikulić,ema.mikulic@example.com
Mia Božić,mia.bozic@example.com
Zvonimir Jukić,zvonimir.jukic@example.com
Đuro Šimunović,duro.simunovic@example.com
Nikola Pavlović,nikola.pavlovic@example.com
Petra Vuković,petra.vukovic@example.com
Mateo Šarić,mateo.saric@example.com
Matej Filipović,matej.filipovic@example.com
Željko Knežević,zeljko.knezevic@example.com
Mia Marković,mia.markovic@example.com
Mia Šimić,mia.simic@example.com
Tena Lovrić,tena.lovric@example.com
Matej Babić,matej.babic@example.com
Stjepan Bošnjak,stjepan.bosnjak@example.com
Željko Petrović,zeljko.petrovic@example.com
Marija Tomić,marija.tomic@example.com
Paula Kovač,paula.kovac@example.com
Klara Kovačić,klara.kovacic@example.com
Domagoj Galić,domagoj.galic@example.com
Nikola Lovrić,nikola.lovric@example.com
Nikola Babić,nikola.babic@example.com
Lana Marić,lana.maric@example.com
Mirna Kovač,mirna.kovac@example.com
Katarina Žagar,katarina.zagar@example.com
Marija Popović,marija.popovic@example.com
Lea Jukić,lea.jukic@example.com
Ivana Šarić,ivana.saric@example.com
Nika Tomić,nika.tomic@example.com
Dario Marković,dario.markovic@example.com
Ema Pavić,ema.pavic@example.com
Ema Šarić,ema.saric@example.com
Dario Žagar,dario.zagar@example.com
Dario Živković,dario.zivkovic@example.com
Luka Blažević,luka.blazevic@example.com
Sara Grgić,sara.grgic@example.com
Anđela Čačić,andela.cacic@example.com
Krešimir Marić,kresimir.maric@example.com
Filip Pavić,filip.pavic@example.com
Petra Filipović,petra.filipovic@example.com
Luka Vidović,luka.vidovic@example.com
Mia Šarić,mia.saric@example.com
Lucija Galić,lucija.galic@example.com
Paula Bošnjak,paula.bosnjak@example.com
Željko Grgić,zeljko.grgic@example.com
Lana Čačić,lana.cacic@example.com
Petra Marić,petra.maric@example.com
Sara Perković,sara.perkovic@example.com
Ema Marić,ema.maric@example.com
Dora Pavlović,dora.pavlovic@example.com
Nika Vidović,nika.vidovic@example.com
Krešimir Đurić,kresimir.duric@example.com
Marija Kovač,marija.kovac@example.com
Ana Jurić,ana.juric@example.com
Paula Lovrić,paula.lovric@example.com
Katarina Šarić,katarina.saric@example.com
Nikola Kovačić,nikola.kovacic@example.com
Filip Božić,filip.bozic@example.com
Karlo Kovačić,karlo.kovacic@example.com
Željko Božić,zeljko.bozic@example.com
Ivan Petrović,ivan.petrovic@example.com
Lucija Šimić,lucija.simic@example.com
Ana Vidović,ana.vidovic@example.com
Paula Pavić,paula.pavic@example.com
Paula Barišić,paula.barisic@example.com
Stjepan Barišić,stjepan.barisic@example.com
Dario Horvat,dario.horvat@example.com
Iva Pavić,iva.pavic@example.com
Mia Jurić,mia.juric@example.com
Maja Mikulić,maja.mikulic@example.com
Mateo Rukavina,mateo.rukavina@example.com
Katarina Đurić,katarina.duric@example.com
Hrvoje Barišić,hrvoje.barisic@example.com
Ivan Šarić,ivan.saric@example.com
Antonio Božić,antonio.bozic@example.com
Dora Tomić,dora.tomic@example.com
Josip Kovačević,josip.kovacevic@example.com
Mateo Vidović,mateo.vidovic@example.com
Paula Ćosić,paula.cosic@example.com
Sara Živković,sara.zivkovic@example.com
Maja Vuković,maja.vukovic@example.com
Hrvoje Božić,hrvoje.bozic@example.com
Mateo Mikulić,mateo.mikulic@example.com
Tomislav Žagar,tomislav.zagar@example.com
Maja Ćosić,maja.cosic@example.com
Nikola Matić,nikola.matic@example.com
Đuro Pavić,duro.pavic@example.com
Ivan Babić,ivan.babic@example.com
Marija Kovačić,marija.kovacic@example.com
Matej Galić,matej.galic@example.com
Đuro Novak,duro.novak@example.com
Luka Božić,luka.bozic@example.com
Antonio Čačić,antonio.cacic@example.com
Domagoj Šimić,domagoj.simic@example.com
Petra Perić,petra.peric@example.com
Đuro Pavlović,duro.pavlovic@example.com
Mirna Lovrić,mirna.lovric@example.com
Borna Rukavina,borna.rukavina@example.com
Anđela Tomić,andela.tomic@example.com
Krešimir Čačić,kresimir.cacic@example.com
Željko Bošnjak,zeljko.bosnjak@example.com
Dario Rukavina,dario.rukavina@example.com
Marko Pavlović,marko.pavlovic@example.com
Lea Petrović,lea.petrovic@example.com
Dario Petrović,dario.petrovic@example.com
Hrvoje Mikulić,hrvoje.mikulic@example.com
Hrvoje Rukavina,hrvoje.rukavina@example.com
Mia Bošnjak,mia.bosnjak@example.com
Anđela Marić,andela.maric@example.com
Karlo Horvat,karlo.horvat@example.com
Filip Perić,filip.peric@example.com
Matej Čačić,matej.cacic@example.com
Mirna Grgić,mirna.grgic@example.com
Nikola Štefančić,test@electius.com
